{
  "b0": -1.2430272406631957,
  "w": [
    -11266.531991087286,
    -4828.952518480167,
    -2392.7858931666196,
    16796.805017571234,
    -8236.682385581655,
    2876.7974957765523,
    -1542.4710154254672,
    1704.43966273387
  ],
  "bands": [
    "nm415",
    "nm445",
    "nm480",
    "nm515",
    "nm555",
    "nm590",
    "nm630",
    "nm680"
  ],
  "meta": {
    "gain": "7",
    "atime": 99,
    "astep": 999,
    "it_ms": 278.0,
    "avg_frames": 10,
    "ridge_alpha": 0.0,
    "mad_k": 3.5
  }
}